Nclusters,Ndata,NQUdata,Ndata_mean,Ndata_mean_inoise_cut,Code_Vers,ClusterType,StokesQU_weight,SigmaCut,StationaryCore,mean_dsqr,log_like,mean_sum_beam_sqr,k,frac_cc,frac_fl,overlap,ID,epoch,centX,dcentX,centY,dcentY,slopeX,dslopeX,slopeY,dslopeY,accelX,daccelX,accelY,daccelY,medianFlux,sizeMaj,sizeMin,sizePA
1,3725.00000146,1460,413.8888890511111,952.516850011491,2026-04-16,KMeans,1e-09,7.0,True,2.5107060290603527,-7.598142820351343,2.5208834983616057,18,1.0,1.0,,0,2008.5763,6.292272613622185e-18,0.048867786940336694,-8.328007870970538e-18,0.030870452133141015,0.0,0.0,0.0,0.0,0.0,0.0,0.0,0.0,2.0883034517,1.519465402544171,0.45011677991962884,-78.681949403267
2,3725.00000146,1460,413.8888890511111,952.516850011491,2026-04-16,KMeans,1e-09,7.0,True,0.6619750103486133,-6.926690857613871,2.5208834983616057,22,1.0,1.0,0.026900636521046066,0,2008.5763,-1.4094628242311558e-18,0.023226011550512946,5.963111948670274e-19,0.03226058786608776,0.0,0.0,0.0,0.0,0.0,0.0,0.0,0.0,1.9148745723,0.561340855683696,0.4255580602729483,-87.0842153405737
2,3725.00000146,1460,413.8888890511111,952.516850011491,2026-04-16,KMeans,1e-09,7.0,True,0.6619750103486133,-6.926690857613871,2.5208834983616057,22,1.0,1.0,0.026900636521046066,1,2008.5763,-5.209504579136812,0.02130987756267193,1.0837588296756548,0.010333265508005124,0.872684576430011,0.013902723984350723,-0.13649681964198943,0.006741499935525396,0.0,0.0,0.0,0.0,0.1453966816,1.4903555623833393,0.647634657824966,-77.58637540576855
3,3725.00000146,1460,413.8888890511111,952.516850011491,2026-04-16,KMeans,1e-09,7.0,True,0.29214963887628326,-6.0618691390702635,2.5208834983616057,26,0.9924783027965285,0.9987899737567713,0.026583532095004542,0,2008.5763,-8.673617379884035e-19,0.008663414456843245,4.960224939121183e-18,0.0365275669260597,0.0,0.0,0.0,0.0,0.0,0.0,0.0,0.0,1.6706591305,0.4297668834127492,0.1466394928688147,8.283411694255392
3,3725.00000146,1460,413.8888890511111,952.516850011491,2026-04-16,KMeans,1e-09,7.0,True,0.29214963887628326,-6.0618691390702635,2.5208834983616057,26,0.9924783027965285,0.9987899737567713,0.026583532095004542,1,2008.5763,-1.7731658683484388,0.007985803779920825,0.17096043634552596,0.006776598377118746,-0.18056143683871667,0.005768074727442857,0.0673383092785544,0.004894676467680058,0.0,0.0,0.0,0.0,0.3043933153,0.6596113925263476,0.34249023356396685,-53.404961468574285
3,3725.00000146,1460,413.8888890511111,952.516850011491,2026-04-16,KMeans,1e-09,7.0,True,0.29214963887628326,-6.0618691390702635,2.5208834983616057,26,0.9924783027965285,0.9987899737567713,0.026583532095004542,2,2008.5763,-6.467814761426431,0.01046702785783753,1.3462213547376336,0.010030991945595275,0.055684238738543536,0.008253655862113882,0.07222139061214117,0.007909824698955596,0.0,0.0,0.0,0.0,0.1010092966,0.7610741673019756,0.6673260418825859,54.49377824913909
4,3725.00000146,1460,413.8888890511111,952.516850011491,2026-04-16,KMeans,1e-09,7.0,True,0.1581991001252502,-5.743389422212253,2.5208834983616057,30,0.9770491803278688,0.9976675179995275,0.028238678109041127,0,2008.5763,6.505213034913027e-19,0.009316296568702734,1.3010426069826053e-18,0.011855924013033214,0.0,0.0,0.0,0.0,0.0,0.0,0.0,0.0,0.7178849962000001,0.19000264507150197,0.14408091238053858,-69.06033201333491
4,3725.00000146,1460,413.8888890511111,952.516850011491,2026-04-16,KMeans,1e-09,7.0,True,0.1581991001252502,-5.743389422212253,2.5208834983616057,30,0.9770491803278688,0.9976675179995275,0.028238678109041127,1,2008.5763,0.15395592413241227,0.0017525005604771952,0.8059146006312776,0.0021301402822452094,0.016983594057023772,0.0012230726144675662,0.02360274939078894,0.0014866279092538013,0.0,0.0,0.0,0.0,0.9668892175,0.1705415022624388,0.1201454448940047,-25.00802187525568
4,3725.00000146,1460,413.8888890511111,952.516850011491,2026-04-16,KMeans,1e-09,7.0,True,0.1581991001252502,-5.743389422212253,2.5208834983616057,30,0.9770491803278688,0.9976675179995275,0.028238678109041127,2,2008.5763,-1.7007080450240972,0.007767359748599897,0.6354996811512007,0.00654945938249119,-0.1964414799030793,0.005684688810555663,0.05477733895226624,0.004793345444511907,0.0,0.0,0.0,0.0,0.30229502399999997,0.6434326574314574,0.3379105028017957,-54.076022802125706
4,3725.00000146,1460,413.8888890511111,952.516850011491,2026-04-16,KMeans,1e-09,7.0,True,0.1581991001252502,-5.743389422212253,2.5208834983616057,30,0.9770491803278688,0.9976675179995275,0.028238678109041127,3,2008.5763,-6.381290293036182,0.010441325403652404,1.802027981581011,0.010007714608501037,0.053107999906914394,0.008237206548843001,0.03649652721033324,0.007895129126352131,0.0,0.0,0.0,0.0,0.1010092966,0.7605844534603757,0.6643546952787182,54.42514348539352
5,3725.00000146,1460,413.8888890511111,952.516850011491,2026-04-16,KMeans,1e-09,7.0,True,0.11271547979504015,-5.409942600430565,2.5208834983616057,34,0.9714561234329797,0.9950146230290066,0.0628103898720532,0,2008.5763,5.680714703884693e-19,0.0057951828475036665,2.2750530992676665e-18,0.01183921461089168,0.0,0.0,0.0,0.0,0.0,0.0,0.0,0.0,0.6622563144,0.1391698874732764,0.09181839781255996,0.20517686746637764
5,3725.00000146,1460,413.8888890511111,952.516850011491,2026-04-16,KMeans,1e-09,7.0,True,0.11271547979504015,-5.409942600430565,2.5208834983616057,34,0.9714561234329797,0.9950146230290066,0.0628103898720532,1,2008.5763,0.12332057795351756,0.0017346386463337003,0.8186779783328753,0.00213328314662799,0.0058074580498921795,0.0012107161773278361,0.024148884557999403,0.0014889558824843986,0.0,0.0,0.0,0.0,0.9668892175,0.17008049844548012,0.11730360711666625,-23.219511435105034
5,3725.00000146,1460,413.8888890511111,952.516850011491,2026-04-16,KMeans,1e-09,7.0,True,0.11271547979504015,-5.409942600430565,2.5208834983616057,34,0.9714561234329797,0.9950146230290066,0.0628103898720532,2,2008.5763,-1.4199010086817152,0.004897200870510694,0.4542641326358158,0.004256425604988911,-0.09712493138509172,0.0037031249827859597,-0.025699241375190137,0.0032185888249179713,0.0,0.0,0.0,0.0,0.260113553,0.3984840288699434,0.24705112022095801,-53.63671971627163
5,3725.00000146,1460,413.8888890511111,952.516850011491,2026-04-16,KMeans,1e-09,7.0,True,0.11271547979504015,-5.409942600430565,2.5208834983616057,34,0.9714561234329797,0.9950146230290066,0.0628103898720532,3,2008.5763,-2.6399656658256516,0.00897415336125826,1.2170193165343712,0.008144663634744182,-0.019459893070000185,0.005794587524101716,-0.02512860958803917,0.005258988161449962,0.0,0.0,0.0,0.0,0.0732973784,0.5624599858778057,0.4466121420059065,57.62658165885893
5,3725.00000146,1460,413.8888890511111,952.516850011491,2026-04-16,KMeans,1e-09,7.0,True,0.11271547979504015,-5.409942600430565,2.5208834983616057,34,0.9714561234329797,0.9950146230290066,0.0628103898720532,4,2008.5763,-6.453505251719206,0.009656471834426784,1.8205697194293966,0.010017719993633326,0.034111352051475426,0.00761652851928731,0.03691418971308632,0.00790146249458534,0.0,0.0,0.0,0.0,0.0973580211,0.741870077555825,0.6242806927600821,38.7971707070123
6,3725.00000146,1460,413.8888890511111,952.516850011491,2026-04-16,KMeans,1e-09,7.0,True,0.0950201399692485,-5.407900174807949,2.5208834983616057,38,0.9714561234329797,0.9950146230290066,0.11284922403723778,0,2008.5763,-3.710552060010442e-20,0.0057951828475036665,1.46109527247292e-18,0.01183921461089168,0.0,0.0,0.0,0.0,0.0,0.0,0.0,0.0,0.6622563144,0.1391698874732764,0.09181839781255996,0.20517686746637764
6,3725.00000146,1460,413.8888890511111,952.516850011491,2026-04-16,KMeans,1e-09,7.0,True,0.0950201399692485,-5.407900174807949,2.5208834983616057,38,0.9714561234329797,0.9950146230290066,0.11284922403723778,1,2008.5763,0.12332057795351757,0.0017346386463337005,0.8186779783328753,0.002133283146627989,0.005807458049892195,0.0012107161773278364,0.024148884557999403,0.0014889558824843982,0.0,0.0,0.0,0.0,0.9668892175,0.17008049844548015,0.11730360711666625,-23.219511435105034
6,3725.00000146,1460,413.8888890511111,952.516850011491,2026-04-16,KMeans,1e-09,7.0,True,0.0950201399692485,-5.407900174807949,2.5208834983616057,38,0.9714561234329797,0.9950146230290066,0.11284922403723778,2,2008.5763,-1.417796193842333,0.004882205478175534,0.45266481426744015,0.0042472933382585,-0.09849148343371934,0.003690670756321305,-0.024605119311466854,0.0032107131473882123,0.0,0.0,0.0,0.0,0.259617801,0.3967809738225571,0.24731524879233774,-53.65815443706916
6,3725.00000146,1460,413.8888890511111,952.516850011491,2026-04-16,KMeans,1e-09,7.0,True,0.0950201399692485,-5.407900174807949,2.5208834983616057,38,0.9714561234329797,0.9950146230290066,0.11284922403723778,3,2008.5763,-2.592224295410036,0.008220328436155108,1.2024114493730647,0.007876938357669297,-0.033961779909162784,0.005316461225918628,-0.021455946420183385,0.005094375204439799,0.0,0.0,0.0,0.0,0.072299618,0.542519025507444,0.4109668183811077,49.53051866322802
6,3725.00000146,1460,413.8888890511111,952.516850011491,2026-04-16,KMeans,1e-09,7.0,True,0.0950201399692485,-5.407900174807949,2.5208834983616057,38,0.9714561234329797,0.9950146230290066,0.11284922403723778,4,2008.5763,-5.610423111483929,0.008466182859676534,2.274673890353043,0.010585877208946767,0.10691245125079295,0.006453808362953871,-0.12927627101276837,0.008069660671481607,0.0,0.0,0.0,0.0,0.0253386024,0.8072510778152008,0.5462322094386277,-26.884030629625528
6,3725.00000146,1460,413.8888890511111,952.516850011491,2026-04-16,KMeans,1e-09,7.0,True,0.0950201399692485,-5.407900174807949,2.5208834983616057,38,0.9714561234329797,0.9950146230290066,0.11284922403723778,5,2008.5763,-6.801614707450533,0.005793268443143255,1.635785166508564,0.007975778352991895,-0.05243897483856512,0.004621393553153954,0.07570026743671354,0.0063624206307109936,0.0,0.0,0.0,0.0,0.0681702856,0.5576350282096625,0.3762116851413294,-17.158117708158187
7,3725.00000146,1460,413.8888890511111,952.516850011491,2026-04-16,KMeans,1e-09,7.0,True,0.07998666257997698,-5.330566643536826,2.5208834983616057,42,0.9764705882352941,0.9974388321441067,0.1343770269735556,0,2008.5763,-9.219378886135601e-20,0.00580245674713657,9.461808101304258e-19,0.01186703841067833,0.0,0.0,0.0,0.0,0.0,0.0,0.0,0.0,0.6606722344000001,0.13587320368078235,0.06347087970319142,9.019542499117051
7,3725.00000146,1460,413.8888890511111,952.516850011491,2026-04-16,KMeans,1e-09,7.0,True,0.07998666257997698,-5.330566643536826,2.5208834983616057,42,0.9764705882352941,0.9974388321441067,0.1343770269735556,1,2008.5763,0.12293098111669573,0.0017164987055096595,0.8193890913605069,0.0021288094976688768,0.005336010303432435,0.0011981806542703487,0.024753633132822465,0.0014859890942804288,0.0,0.0,0.0,0.0,0.9668892175,0.1702778467898953,0.11557765756333181,-23.2648012572989
7,3725.00000146,1460,413.8888890511111,952.516850011491,2026-04-16,KMeans,1e-09,7.0,True,0.07998666257997698,-5.330566643536826,2.5208834983616057,42,0.9764705882352941,0.9974388321441067,0.1343770269735556,2,2008.5763,-1.21565044324287,0.003953996048966273,0.32042289184955286,0.0032511416039356865,-0.027429574876202425,0.0029208858447102486,-0.03511448833621735,0.0024016750073806966,0.0,0.0,0.0,0.0,0.1650669281,0.28753038603729386,0.23635758543276827,81.140629962973
7,3725.00000146,1460,413.8888890511111,952.516850011491,2026-04-16,KMeans,1e-09,7.0,True,0.07998666257997698,-5.330566643536826,2.5208834983616057,42,0.9764705882352941,0.9974388321441067,0.1343770269735556,3,2008.5763,-1.9390647057217145,0.004205442294895826,0.9288592835363948,0.004984706669350123,-0.12712200378486105,0.0031427135489335944,-0.08750841739230523,0.003725055318495183,0.0,0.0,0.0,0.0,0.10802506522999998,0.33330410165188246,0.2734517513707784,-15.242299551980977
7,3725.00000146,1460,413.8888890511111,952.516850011491,2026-04-16,KMeans,1e-09,7.0,True,0.07998666257997698,-5.330566643536826,2.5208834983616057,42,0.9764705882352941,0.9974388321441067,0.1343770269735556,4,2008.5763,-3.3002833873399444,0.008647710401388783,1.1725786305683634,0.009063160297500735,0.19036808488769708,0.00525849789058843,0.09825841689304018,0.005511124574525377,0.0,0.0,0.0,0.0,0.0273445822,0.5886067080005358,0.4628491567857776,39.265947099134536
7,3725.00000146,1460,413.8888890511111,952.516850011491,2026-04-16,KMeans,1e-09,7.0,True,0.07998666257997698,-5.330566643536826,2.5208834983616057,42,0.9764705882352941,0.9974388321441067,0.1343770269735556,5,2008.5763,-5.878419229484887,0.008496667274591292,2.3334708327450366,0.00900432913685387,0.19672449895359176,0.0064352409020616156,-0.14944343378623445,0.00681973593698177,0.0,0.0,0.0,0.0,0.032651174399999996,0.6613741343249253,0.5829197408026239,-31.25790625044783
7,3725.00000146,1460,413.8888890511111,952.516850011491,2026-04-16,KMeans,1e-09,7.0,True,0.07998666257997698,-5.330566643536826,2.5208834983616057,42,0.9764705882352941,0.9974388321441067,0.1343770269735556,6,2008.5763,-6.8110009147485675,0.005854133894988823,1.5648764556610855,0.007103987452975491,-0.06691619101186483,0.004687867713354168,0.11003256915515906,0.005688724244142097,0.0,0.0,0.0,0.0,0.0644267977,0.5119339131025017,0.37718194984447906,-24.91595442737858
8,3725.00000146,1460,413.8888890511111,952.516850011491,2026-04-16,KMeans,1e-09,7.0,True,0.07134729120129059,-5.327920299291435,2.5208834983616057,46,0.9762777242044359,0.9974325397772733,0.14644393939676342,0,2008.5763,-4.138273819851324e-20,0.00580245674713657,1.7930062245326906e-19,0.01186703841067833,0.0,0.0,0.0,0.0,0.0,0.0,0.0,0.0,0.6606722344000001,0.13587320368078235,0.06347087970319142,9.019542499117051
8,3725.00000146,1460,413.8888890511111,952.516850011491,2026-04-16,KMeans,1e-09,7.0,True,0.07134729120129059,-5.327920299291435,2.5208834983616057,46,0.9762777242044359,0.9974325397772733,0.14644393939676342,1,2008.5763,0.12293098111669573,0.0017164987055096595,0.8193890913605069,0.0021288094976688768,0.005336010303432435,0.0011981806542703487,0.024753633132822465,0.0014859890942804288,0.0,0.0,0.0,0.0,0.9668892175,0.1702778467898953,0.11557765756333181,-23.2648012572989
8,3725.00000146,1460,413.8888890511111,952.516850011491,2026-04-16,KMeans,1e-09,7.0,True,0.07134729120129059,-5.327920299291435,2.5208834983616057,46,0.9762777242044359,0.9974325397772733,0.14644393939676342,2,2008.5763,-1.21565044324287,0.003953996048966273,0.32042289184955286,0.0032511416039356865,-0.027429574876202425,0.0029208858447102486,-0.03511448833621735,0.0024016750073806966,0.0,0.0,0.0,0.0,0.1650669281,0.28753038603729386,0.23635758543276827,81.140629962973
8,3725.00000146,1460,413.8888890511111,952.516850011491,2026-04-16,KMeans,1e-09,7.0,True,0.07134729120129059,-5.327920299291435,2.5208834983616057,46,0.9762777242044359,0.9974325397772733,0.14644393939676342,3,2008.5763,-1.9329954785225663,0.004125294580140311,0.9284012216171752,0.004910553401621796,-0.1305583986961157,0.0030862049503698656,-0.09118107247844726,0.0036736707943473257,0.0,0.0,0.0,0.0,0.10772785352999999,0.3293173262799477,0.26771778278224007,-16.53056467083377
8,3725.00000146,1460,413.8888890511111,952.516850011491,2026-04-16,KMeans,1e-09,7.0,True,0.07134729120129059,-5.327920299291435,2.5208834983616057,46,0.9762777242044359,0.9974325397772733,0.14644393939676342,4,2008.5763,-3.1911504110005566,0.007933180804932476,1.16335452997774,0.009024587505683879,0.14689364417840572,0.004799843758882992,0.10596044474061532,0.005460181871654555,0.0,0.0,0.0,0.0,0.0264506661,0.5625076754679917,0.4284040943252223,30.58278165741612
8,3725.00000146,1460,413.8888890511111,952.516850011491,2026-04-16,KMeans,1e-09,7.0,True,0.07134729120129059,-5.327920299291435,2.5208834983616057,46,0.9762777242044359,0.9974325397772733,0.14644393939676342,5,2008.5763,-5.950564857914782,0.007667246291477284,1.1465461903820564,0.005911613367090241,0.342390991981496,0.005892689560164066,0.11017961279438246,0.004543391596889361,0.0,0.0,0.0,0.0,0.019891576350000002,0.5354287955642598,0.39619585944936897,75.22279625686271
8,3725.00000146,1460,413.8888890511111,952.516850011491,2026-04-16,KMeans,1e-09,7.0,True,0.07134729120129059,-5.327920299291435,2.5208834983616057,46,0.9762777242044359,0.9974325397772733,0.14644393939676342,6,2008.5763,-5.816430711344679,0.008119503470991534,2.7677184858120625,0.006422457669574439,-0.050801696357265926,0.006251914132250394,0.06501348588084623,0.0049452105059928034,0.0,0.0,0.0,0.0,0.0177516891,0.575183169112668,0.4493167302507924,-81.01985464191151
8,3725.00000146,1460,413.8888890511111,952.516850011491,2026-04-16,KMeans,1e-09,7.0,True,0.07134729120129059,-5.327920299291435,2.5208834983616057,46,0.9762777242044359,0.9974325397772733,0.14644393939676342,7,2008.5763,-6.8934563378444755,0.0047115869460176265,1.7842270845839567,0.005942817685741648,-0.034590371870618405,0.003770705673536038,-0.053140880910406744,0.004756065550983149,0.0,0.0,0.0,0.0,0.05455696990000001,0.4188167979839751,0.32947548854183845,7.179910324764052
9,3725.00000146,1460,413.8888890511111,952.516850011491,2026-04-16,KMeans,1e-09,7.0,True,0.06357290401997179,-5.236366086910454,2.5208834983616057,50,0.971648987463838,0.9967377293622459,0.15698072541240177,0,2008.5763,-3.65838994078464e-20,0.005811041020337653,5.413492356408233e-19,0.01161331346158089,0.0,0.0,0.0,0.0,0.0,0.0,0.0,0.0,0.6535835623000001,0.12897847869301482,0.06022960603921377,7.682512615694293
9,3725.00000146,1460,413.8888890511111,952.516850011491,2026-04-16,KMeans,1e-09,7.0,True,0.06357290401997179,-5.236366086910454,2.5208834983616057,50,0.971648987463838,0.9967377293622459,0.15698072541240177,1,2008.5763,0.1745241755794185,0.000848151910332185,0.7435375773080661,0.001360400185570267,-0.0011949988852801808,0.000594577035708981,0.009074589528318978,0.0009536766938336789,0.0,0.0,0.0,0.0,0.6828297317999998,0.12082035258341028,0.06874062413187623,0.27431079587472595
9,3725.00000146,1460,413.8888890511111,952.516850011491,2026-04-16,KMeans,1e-09,7.0,True,0.06357290401997179,-5.236366086910454,2.5208834983616057,50,0.971648987463838,0.9967377293622459,0.15698072541240177,2,2008.5763,0.012482444090385115,0.0019902931373736673,0.983289534886887,0.0018380253974345213,0.03511091620353944,0.0013606586682366963,0.042258962027442774,0.0012565612283417847,0.0,0.0,0.0,0.0,0.30839427269999997,0.17318068672817022,0.12352967589154117,41.003937385026006
9,3725.00000146,1460,413.8888890511111,952.516850011491,2026-04-16,KMeans,1e-09,7.0,True,0.06357290401997179,-5.236366086910454,2.5208834983616057,50,0.971648987463838,0.9967377293622459,0.15698072541240177,3,2008.5763,-1.1919884459372057,0.003920590508994243,0.30488866791745856,0.003197466323237176,-0.03569930797099719,0.002886462137321224,-0.018974154341596758,0.002354075350692884,0.0,0.0,0.0,0.0,0.15780997869999996,0.2882589440298019,0.2286650933122357,73.50421326822442
9,3725.00000146,1460,413.8888890511111,952.516850011491,2026-04-16,KMeans,1e-09,7.0,True,0.06357290401997179,-5.236366086910454,2.5208834983616057,50,0.971648987463838,0.9967377293622459,0.15698072541240177,4,2008.5763,-1.7906271613722666,0.0032545399232282476,0.7410886111435236,0.0032823894276194374,-0.15013783345974946,0.002474438924183128,-0.0471863808575362,0.0024956130069445446,0.0,0.0,0.0,0.0,0.08832299889999999,0.2669836138477066,0.1864386863008587,44.2911899129316
9,3725.00000146,1460,413.8888890511111,952.516850011491,2026-04-16,KMeans,1e-09,7.0,True,0.06357290401997179,-5.236366086910454,2.5208834983616057,50,0.971648987463838,0.9967377293622459,0.15698072541240177,5,2008.5763,-2.453207651690199,0.006542478845288189,1.3562398065960242,0.007424167616201836,-0.1187591147138474,0.004143221568349622,-0.05890398756463825,0.004701577509363011,0.0,0.0,0.0,0.0,0.055588469700000004,0.429631851886127,0.3446198592371409,27.290016080900102
9,3725.00000146,1460,413.8888890511111,952.516850011491,2026-04-16,KMeans,1e-09,7.0,True,0.06357290401997179,-5.236366086910454,2.5208834983616057,50,0.971648987463838,0.9967377293622459,0.15698072541240177,6,2008.5763,-4.423382478768513,0.009226997115123998,1.1027547836438023,0.007781874912002264,-0.3929517656456677,0.0068586869746238965,0.19638778478101276,0.005784486917159413,0.0,0.0,0.0,0.0,0.014218359899999998,0.6619241493958501,0.5489254425810753,-77.87593495904768
9,3725.00000146,1460,413.8888890511111,952.516850011491,2026-04-16,KMeans,1e-09,7.0,True,0.06357290401997179,-5.236366086910454,2.5208834983616057,50,0.971648987463838,0.9967377293622459,0.15698072541240177,7,2008.5763,-5.96730111692407,0.009069107814098037,2.771550320190333,0.006214498854360381,0.0015387699707724272,0.007083488125865886,0.07977941685348644,0.004853876450188273,0.0,0.0,0.0,0.0,0.019321654100000002,0.6242917028858966,0.4275112277879664,88.39990903242591
9,3725.00000146,1460,413.8888890511111,952.516850011491,2026-04-16,KMeans,1e-09,7.0,True,0.06357290401997179,-5.236366086910454,2.5208834983616057,50,0.971648987463838,0.9967377293622459,0.15698072541240177,8,2008.5763,-6.784552074905154,0.006132024660832624,1.585135572282576,0.007218650480427708,-0.061425561794419936,0.00496479721345631,0.05719772573104509,0.005844584419084217,0.0,0.0,0.0,0.0,0.0713250811,0.5072786688131283,0.39059099157171256,-25.37661812594817
10,3725.00000146,1460,413.8888890511111,952.516850011491,2026-04-16,KMeans,1e-09,7.0,True,0.056535201489027444,-5.243725418911989,2.5208834983616057,54,0.9710703953712633,0.9967504969270753,0.1804094530182214,0,2008.5763,-2.6562748554763413e-19,0.005811041020337653,3.1442642347025646e-19,0.01161331346158089,0.0,0.0,0.0,0.0,0.0,0.0,0.0,0.0,0.6535835623000001,0.12897847869301482,0.06022960603921377,7.682512615694293
10,3725.00000146,1460,413.8888890511111,952.516850011491,2026-04-16,KMeans,1e-09,7.0,True,0.056535201489027444,-5.243725418911989,2.5208834983616057,54,0.9710703953712633,0.9967504969270753,0.1804094530182214,1,2008.5763,0.17430558824381442,0.0008598553861612739,0.7434555312083974,0.0013611434447249884,-0.0013278703295437025,0.0006028154165901081,0.00902471663092969,0.0009542514542287147,0.0,0.0,0.0,0.0,0.6828297317999998,0.12082272427309743,0.07020376730068105,0.5209592346155887
10,3725.00000146,1460,413.8888890511111,952.516850011491,2026-04-16,KMeans,1e-09,7.0,True,0.056535201489027444,-5.243725418911989,2.5208834983616057,54,0.9710703953712633,0.9967504969270753,0.1804094530182214,2,2008.5763,0.012474108131357329,0.0019905737498264516,0.9833000292776675,0.0018385160497823494,0.03509999606805815,0.0013608295462545215,0.04227270971606971,0.001256877300841076,0.0,0.0,0.0,0.0,0.30839427269999997,0.17319346902556232,0.12365768062772942,41.05786495086642
10,3725.00000146,1460,413.8888890511111,952.516850011491,2026-04-16,KMeans,1e-09,7.0,True,0.056535201489027444,-5.243725418911989,2.5208834983616057,54,0.9710703953712633,0.9967504969270753,0.1804094530182214,3,2008.5763,-1.1963320053068336,0.003931361705665504,0.3055805690475957,0.0031992603061877806,-0.038721908025164634,0.002898153347803149,-0.018764503039101082,0.0023584568556767487,0.0,0.0,0.0,0.0,0.16022802869999997,0.2882255340718283,0.22959813652275785,74.81119604747344
10,3725.00000146,1460,413.8888890511111,952.516850011491,2026-04-16,KMeans,1e-09,7.0,True,0.056535201489027444,-5.243725418911989,2.5208834983616057,54,0.9710703953712633,0.9967504969270753,0.1804094530182214,4,2008.5763,-1.8347814787456005,0.00359345099752649,0.7825680825474971,0.003431815613224018,-0.18095803485649842,0.0026433536949553938,-0.007726537790117269,0.002524454205126376,0.0,0.0,0.0,0.0,0.10677012282999998,0.24914513746271033,0.2309570924473612,-63.11675455604852
10,3725.00000146,1460,413.8888890511111,952.516850011491,2026-04-16,KMeans,1e-09,7.0,True,0.056535201489027444,-5.243725418911989,2.5208834983616057,54,0.9710703953712633,0.9967504969270753,0.1804094530182214,5,2008.5763,-2.326281099998576,0.005238904821892849,1.6547085673782926,0.005766179889968372,-0.02280771131617644,0.00425466924858779,0.20425724670813525,0.0046828848955514655,0.0,0.0,0.0,0.0,0.0218355706,0.4225295896779809,0.3691431715372031,-22.29748824241588
10,3725.00000146,1460,413.8888890511111,952.516850011491,2026-04-16,KMeans,1e-09,7.0,True,0.056535201489027444,-5.243725418911989,2.5208834983616057,54,0.9710703953712633,0.9967504969270753,0.1804094530182214,6,2008.5763,-3.502017258882653,0.008141466931019694,0.954405591216575,0.00686249862246782,0.27387806388670155,0.004820581225896884,0.09218869453906754,0.004063301159668075,0.0,0.0,0.0,0.0,0.0196064187,0.448331276531062,0.37362344393674285,-79.92390665746315
10,3725.00000146,1460,413.8888890511111,952.516850011491,2026-04-16,KMeans,1e-09,7.0,True,0.056535201489027444,-5.243725418911989,2.5208834983616057,54,0.9710703953712633,0.9967504969270753,0.1804094530182214,7,2008.5763,-6.0285029204484175,0.0072222362642245415,1.142275876277289,0.005541121591858883,0.3446914675280809,0.005602197140224468,0.09722771295873682,0.004298177794226584,0.0,0.0,0.0,0.0,0.0216882826,0.5056613218942108,0.359956135632117,71.137060335849
10,3725.00000146,1460,413.8888890511111,952.516850011491,2026-04-16,KMeans,1e-09,7.0,True,0.056535201489027444,-5.243725418911989,2.5208834983616057,54,0.9710703953712633,0.9967504969270753,0.1804094530182214,8,2008.5763,-5.78849519984357,0.00797950595625736,2.7592150104059048,0.00648354125834787,-0.02062302717208414,0.006123942597229718,0.05670591644630349,0.004975851225696147,0.0,0.0,0.0,0.0,0.0172881801,0.5689638422728526,0.4530947795691061,-78.05409926879547
10,3725.00000146,1460,413.8888890511111,952.516850011491,2026-04-16,KMeans,1e-09,7.0,True,0.056535201489027444,-5.243725418911989,2.5208834983616057,54,0.9710703953712633,0.9967504969270753,0.1804094530182214,9,2008.5763,-6.891419712347186,0.004689129845957888,1.8043403866586158,0.0058947480090363845,-0.03534746099857183,0.0037363043964308844,-0.048998952420911256,0.004696942423336904,0.0,0.0,0.0,0.0,0.05426326790000001,0.4161119094121598,0.3290767838397868,6.297291911526486
11,3725.00000146,1460,413.8888890511111,952.516850011491,2026-04-16,KMeans,1e-09,7.0,True,0.05145228088112384,-5.2442068574553975,2.5208834983616057,58,0.9710703953712633,0.9967809059355276,0.1910827874682516,0,2008.5763,-2.8471445103171157e-19,0.005811041020336592,9.167262239979819e-19,0.011613313461584097,0.0,0.0,0.0,0.0,0.0,0.0,0.0,0.0,0.6535835623000001,0.12894322918521225,0.05982929116641514,7.787682343997062
11,3725.00000146,1460,413.8888890511111,952.516850011491,2026-04-16,KMeans,1e-09,7.0,True,0.05145228088112384,-5.2442068574553975,2.5208834983616057,58,0.9710703953712633,0.9967809059355276,0.1910827874682516,1,2008.5763,0.17452417557941988,0.0008481519103322174,0.7435375773080589,0.0013604001855700024,-0.001194998885264103,0.0005945770357090037,0.009074589528241146,0.0009536766938334934,0.0,0.0,0.0,0.0,0.6828297317999998,0.12082035258341027,0.06874062413187866,0.2743107958724522
11,3725.00000146,1460,413.8888890511111,952.516850011491,2026-04-16,KMeans,1e-09,7.0,True,0.05145228088112384,-5.2442068574553975,2.5208834983616057,58,0.9710703953712633,0.9967809059355276,0.1910827874682516,2,2008.5763,0.014869517541913922,0.0019457232621089174,0.9854360747363958,0.0018002895404411958,0.03394906896527403,0.0013282919597245953,0.041246399724722875,0.0012290083427138811,0.0,0.0,0.0,0.0,0.30839427269999997,0.16836290030905912,0.12362943793331174,40.06922308123828
11,3725.00000146,1460,413.8888890511111,952.516850011491,2026-04-16,KMeans,1e-09,7.0,True,0.05145228088112384,-5.2442068574553975,2.5208834983616057,58,0.9710703953712633,0.9967809059355276,0.1910827874682516,3,2008.5763,-1.0648592125320184,0.003947308891467994,0.2550969298816787,0.003670246259945817,-0.09301463068773982,0.0027088058760080715,0.010439403438566162,0.0025186740913099603,0.0,0.0,0.0,0.0,0.109820816,0.30184512977680694,0.2132721585610296,51.280942403985
11,3725.00000146,1460,413.8888890511111,952.516850011491,2026-04-16,KMeans,1e-09,7.0,True,0.05145228088112384,-5.2442068574553975,2.5208834983616057,58,0.9710703953712633,0.9967809059355276,0.1910827874682516,4,2008.5763,-1.657694020238655,0.002691250737915288,0.5717218373477195,0.0027642722532072853,-0.1993361007289568,0.002192484049195194,0.04146650480277794,0.0022519725633162466,0.0,0.0,0.0,0.0,0.122139029,0.20624950513877155,0.19493141241684303,17.81042945272941
11,3725.00000146,1460,413.8888890511111,952.516850011491,2026-04-16,KMeans,1e-09,7.0,True,0.05145228088112384,-5.2442068574553975,2.5208834983616057,58,0.9710703953712633,0.9967809059355276,0.1910827874682516,5,2008.5763,-2.0617390238141207,0.004534537351750323,1.5657325511384683,0.005749449024086067,-0.21841580716149842,0.003746581564456579,0.324881812223937,0.004750380920582565,0.0,0.0,0.0,0.0,0.028878898700000002,0.41005127642612227,0.2598677894634983,-28.459191349506455
11,3725.00000146,1460,413.8888890511111,952.516850011491,2026-04-16,KMeans,1e-09,7.0,True,0.05145228088112384,-5.2442068574553975,2.5208834983616057,58,0.9710703953712633,0.9967809059355276,0.1910827874682516,6,2008.5763,-2.825479241387088,0.005213599159768987,1.0183899421645508,0.005157534650767815,0.19531169765512119,0.0035239087280837227,0.0018255221870332322,0.003486014327967678,0.0,0.0,0.0,0.0,0.032709624,0.34185968973604114,0.25304659587871403,46.0606826654527
11,3725.00000146,1460,413.8888890511111,952.516850011491,2026-04-16,KMeans,1e-09,7.0,True,0.05145228088112384,-5.2442068574553975,2.5208834983616057,58,0.9710703953712633,0.9967809059355276,0.1910827874682516,7,2008.5763,-4.564880294150809,0.006150048688992025,1.2104698533813762,0.006687805311901891,0.6949418637028237,0.0034351231764833635,-0.010488344142437869,0.0037354883170019285,0.0,0.0,0.0,0.0,0.014128041,0.41033882249871906,0.3771990943321377,-2.731529262210387
11,3725.00000146,1460,413.8888890511111,952.516850011491,2026-04-16,KMeans,1e-09,7.0,True,0.05145228088112384,-5.2442068574553975,2.5208834983616057,58,0.9710703953712633,0.9967809059355276,0.1910827874682516,8,2008.5763,-6.227884650852258,0.006012268609278655,1.1118030227105968,0.005355096548396511,0.39379736798439374,0.00469862763689401,0.10662046492218447,0.004185043329850565,0.0,0.0,0.0,0.0,0.022117785600000002,0.4306357956255081,0.3652489795604635,67.45828331945272
11,3725.00000146,1460,413.8888890511111,952.516850011491,2026-04-16,KMeans,1e-09,7.0,True,0.05145228088112384,-5.2442068574553975,2.5208834983616057,58,0.9710703953712633,0.9967809059355276,0.1910827874682516,9,2008.5763,-5.816372353317186,0.007892946002762458,2.8143055335234193,0.005797326711943389,-0.008890912948533357,0.005973829502309771,0.02917110142216874,0.004387745885277177,0.0,0.0,0.0,0.0,0.0157498051,0.5626835807038598,0.4132752311613311,89.60579638971288
11,3725.00000146,1460,413.8888890511111,952.516850011491,2026-04-16,KMeans,1e-09,7.0,True,0.05145228088112384,-5.2442068574553975,2.5208834983616057,58,0.9710703953712633,0.9967809059355276,0.1910827874682516,10,2008.5763,-6.880610606525111,0.004817137541690355,1.8300728178680152,0.005602405075298348,-0.04707945666223368,0.003820133207355096,-0.05032591413564331,0.004442873695006001,0.0,0.0,0.0,0.0,0.0530036421,0.3944326151341122,0.3389778273767123,2.304645798039985
12,3725.00000146,1460,413.8888890511111,952.516850011491,2026-04-16,KMeans,1e-09,7.0,True,0.04650056103551905,-5.213375597976087,2.5208834983616057,62,0.973191899710704,0.9975022172441713,0.17231951501583478,0,2008.5763,-2.889559989246931e-19,0.005811041020337725,9.211003202605287e-19,0.01161331346158483,0.0,0.0,0.0,0.0,0.0,0.0,0.0,0.0,0.6535835623000001,0.12806101747955143,0.0546711114286475,9.405746789405356
12,3725.00000146,1460,413.8888890511111,952.516850011491,2026-04-16,KMeans,1e-09,7.0,True,0.04650056103551905,-5.213375597976087,2.5208834983616057,62,0.973191899710704,0.9975022172441713,0.17231951501583478,1,2008.5763,0.17451264752158402,0.0008475966196971426,0.7435478246314037,0.0013601392778152704,-0.0012020063804221218,0.0005941857949916726,0.00908081851061459,0.0009534906337602402,0.0,0.0,0.0,0.0,0.6828297317999998,0.12081949935904923,0.06667107354350707,-0.08064224633972117
12,3725.00000146,1460,413.8888890511111,952.516850011491,2026-04-16,KMeans,1e-09,7.0,True,0.04650056103551905,-5.213375597976087,2.5208834983616057,62,0.973191899710704,0.9975022172441713,0.17231951501583478,2,2008.5763,-0.9460500087222369,0.0029594147862134555,0.26458040144532374,0.003173170615540191,-0.018497338741706254,0.002105262030251884,0.06053475587057172,0.0022573231854920947,0.0,0.0,0.0,0.0,0.07912935900000001,0.2563941268317988,0.17043644446290007,39.81860796319825
12,3725.00000146,1460,413.8888890511111,952.516850011491,2026-04-16,KMeans,1e-09,7.0,True,0.04650056103551905,-5.213375597976087,2.5208834983616057,62,0.973191899710704,0.9975022172441713,0.17231951501583478,3,2008.5763,0.015212593380446917,0.0019314287397532825,0.985608744525042,0.0017966353735531602,0.03437812918953693,0.0013191587909453031,0.041461682570074154,0.0012270954130301985,0.0,0.0,0.0,0.0,0.30839427269999997,0.16751352504586517,0.12359621163756644,39.525813300295226
12,3725.00000146,1460,413.8888890511111,952.516850011491,2026-04-16,KMeans,1e-09,7.0,True,0.04650056103551905,-5.213375597976087,2.5208834983616057,62,0.973191899710704,0.9975022172441713,0.17231951501583478,4,2008.5763,-1.4278846267446792,0.0022840454365827736,0.3376634028337602,0.002467037493308531,-0.08520475873068556,0.0017469296107412075,-0.11234591579036511,0.0018868892793644963,0.0,0.0,0.0,0.0,0.0863840241,0.1932171734149248,0.15590916235717536,31.61063451934521
12,3725.00000146,1460,413.8888890511111,952.516850011491,2026-04-16,KMeans,1e-09,7.0,True,0.04650056103551905,-5.213375597976087,2.5208834983616057,62,0.973191899710704,0.9975022172441713,0.17231951501583478,5,2008.5763,-1.8133316786884826,0.002651289964150866,0.7940383686058534,0.0025978586118982354,-0.09585537464897323,0.0020692367984111895,-0.07567871775069486,0.002027535542884646,0.0,0.0,0.0,0.0,0.07537935899999999,0.21920702442027587,0.12776152353000278,46.21918070414112
12,3725.00000146,1460,413.8888890511111,952.516850011491,2026-04-16,KMeans,1e-09,7.0,True,0.04650056103551905,-5.213375597976087,2.5208834983616057,62,0.973191899710704,0.9975022172441713,0.17231951501583478,6,2008.5763,-2.198517282874866,0.004546706350047369,1.7335978519615622,0.005863273282599378,-0.11245270034139616,0.003589679906438208,0.19500206471245968,0.0046291254961481525,0.0,0.0,0.0,0.0,0.0186654309,0.437561531391105,0.302522267030944,-22.588057772105742
12,3725.00000146,1460,413.8888890511111,952.516850011491,2026-04-16,KMeans,1e-09,7.0,True,0.04650056103551905,-5.213375597976087,2.5208834983616057,62,0.973191899710704,0.9975022172441713,0.17231951501583478,7,2008.5763,-2.8516775706988735,0.005071491535476702,1.013388794119467,0.0051434313352516645,0.19757204909668158,0.003373380141022716,-0.0021495530080094722,0.003421231998846471,0.0,0.0,0.0,0.0,0.031103471,0.33812649937318234,0.2442865819813007,43.71493519749788
12,3725.00000146,1460,413.8888890511111,952.516850011491,2026-04-16,KMeans,1e-09,7.0,True,0.04650056103551905,-5.213375597976087,2.5208834983616057,62,0.973191899710704,0.9975022172441713,0.17231951501583478,8,2008.5763,-4.570638057860168,0.006154039054617048,1.2095421883339632,0.006776580129325961,0.6969980969126378,0.0034394677742080053,-0.012363924217611054,0.00378740348692918,0.0,0.0,0.0,0.0,0.014128041,0.4166266002855958,0.3782585797988755,-2.048388024865318
12,3725.00000146,1460,413.8888890511111,952.516850011491,2026-04-16,KMeans,1e-09,7.0,True,0.04650056103551905,-5.213375597976087,2.5208834983616057,62,0.973191899710704,0.9975022172441713,0.17231951501583478,9,2008.5763,-6.2375835648829785,0.006051761840420843,1.1062003116227177,0.005363747301703743,0.3913791780468981,0.00471582530257965,0.10821435357798923,0.004179691122851398,0.0,0.0,0.0,0.0,0.022117785600000002,0.43435497262484085,0.36699457099964233,68.00469545081911
12,3725.00000146,1460,413.8888890511111,952.516850011491,2026-04-16,KMeans,1e-09,7.0,True,0.04650056103551905,-5.213375597976087,2.5208834983616057,62,0.973191899710704,0.9975022172441713,0.17231951501583478,10,2008.5763,-5.815862781933888,0.007903931843420458,2.8165188253696876,0.0057793331641625935,-0.008306616053206754,0.0059939133697129885,0.03170895891700979,0.004382732924188386,0.0,0.0,0.0,0.0,0.0157498051,0.563129270382507,0.4117533671962413,89.750803965953
12,3725.00000146,1460,413.8888890511111,952.516850011491,2026-04-16,KMeans,1e-09,7.0,True,0.04650056103551905,-5.213375597976087,2.5208834983616057,62,0.973191899710704,0.9975022172441713,0.17231951501583478,11,2008.5763,-6.8789727044623294,0.004839211067086031,1.831717292441754,0.005555472126838374,-0.047640341499510935,0.0038386628029221845,-0.04868052584296033,0.0044068307644218605,0.0,0.0,0.0,0.0,0.0530036421,0.3908603953812273,0.3404157622722012,1.3311265288979541
13,3725.00000146,1460,413.8888890511111,952.516850011491,2026-04-16,KMeans,1e-09,7.0,True,0.04319492536678028,-5.2050884396786055,2.5208834983616057,66,0.9733847637415622,0.9975028669131655,0.16952872579035125,0,2008.5763,-2.3169510241936326e-19,0.005811041020337725,6.36916611529291e-19,0.01161331346158483,0.0,0.0,0.0,0.0,0.0,0.0,0.0,0.0,0.6535835623000001,0.12806101747955143,0.0546711114286475,9.405746789405356
13,3725.00000146,1460,413.8888890511111,952.516850011491,2026-04-16,KMeans,1e-09,7.0,True,0.04319492536678028,-5.2050884396786055,2.5208834983616057,66,0.9733847637415622,0.9975028669131655,0.16952872579035125,1,2008.5763,0.17451264752158402,0.0008475966196971427,0.7435478246314037,0.0013601392778152706,-0.0012020063804221218,0.0005941857949916726,0.00908081851061459,0.0009534906337602403,0.0,0.0,0.0,0.0,0.6828297317999998,0.12081949935904923,0.06667107354350707,-0.08064224633972117
13,3725.00000146,1460,413.8888890511111,952.516850011491,2026-04-16,KMeans,1e-09,7.0,True,0.04319492536678028,-5.2050884396786055,2.5208834983616057,66,0.9733847637415622,0.9975028669131655,0.16952872579035125,2,2008.5763,-0.9458699391174066,0.002955988611262101,0.2644394827062551,0.0031714188571508738,-0.018227677402429684,0.0021038195655976007,0.06032372449777479,0.002257144366848709,0.0,0.0,0.0,0.0,0.07912935900000001,0.25646439772864044,0.16994283737348323,39.80976379129453
13,3725.00000146,1460,413.8888890511111,952.516850011491,2026-04-16,KMeans,1e-09,7.0,True,0.04319492536678028,-5.2050884396786055,2.5208834983616057,66,0.9733847637415622,0.9975028669131655,0.16952872579035125,3,2008.5763,0.015212593380446914,0.0019314287397532825,0.9856087445250422,0.0017966353735531608,0.03437812918953693,0.0013191587909453031,0.041461682570074085,0.001227095413030199,0.0,0.0,0.0,0.0,0.30839427269999997,0.16751352504586517,0.12359621163756643,39.525813300295226
13,3725.00000146,1460,413.8888890511111,952.516850011491,2026-04-16,KMeans,1e-09,7.0,True,0.04319492536678028,-5.2050884396786055,2.5208834983616057,66,0.9733847637415622,0.9975028669131655,0.16952872579035125,4,2008.5763,-1.4296358929002426,0.002341639667752931,0.3363863307604965,0.0024639611837138616,-0.08703983946482201,0.0017918062785276698,-0.11375440026873775,0.0018854058460939908,0.0,0.0,0.0,0.0,0.0863840241,0.1950375116867577,0.15755021206196226,35.16652224394227
13,3725.00000146,1460,413.8888890511111,952.516850011491,2026-04-16,KMeans,1e-09,7.0,True,0.04319492536678028,-5.2050884396786055,2.5208834983616057,66,0.9733847637415622,0.9975028669131655,0.16952872579035125,5,2008.5763,-1.80372109734684,0.0024879965141198133,0.7952593835099698,0.0025569421198985286,-0.08889922031915615,0.001939607789404144,-0.07573162129448643,0.0019933568333656837,0.0,0.0,0.0,0.0,0.0743078606,0.21504788256998966,0.11807522673924661,43.51693419852785
13,3725.00000146,1460,413.8888890511111,952.516850011491,2026-04-16,KMeans,1e-09,7.0,True,0.04319492536678028,-5.2050884396786055,2.5208834983616057,66,0.9733847637415622,0.9975028669131655,0.16952872579035125,6,2008.5763,-2.373640231272999,0.004417337784164308,1.2869368789805697,0.004757027423691768,-0.0645766544576734,0.0030368635102392427,-0.1676590006761899,0.0032703958144215065,0.0,0.0,0.0,0.0,0.045159047699999996,0.337100844681906,0.20065486130522128,40.538489605673504
13,3725.00000146,1460,413.8888890511111,952.516850011491,2026-04-16,KMeans,1e-09,7.0,True,0.04319492536678028,-5.2050884396786055,2.5208834983616057,66,0.9733847637415622,0.9975028669131655,0.16952872579035125,7,2008.5763,-3.1558507779292126,0.006737379707968877,1.2740590135806946,0.007910626862912454,0.3362877346362867,0.0050417949457192,0.4767241279968751,0.005919773007261056,0.0,0.0,0.0,0.0,0.0136305073,0.5642939372699354,0.46675787176089023,15.957952125713405
13,3725.00000146,1460,413.8888890511111,952.516850011491,2026-04-16,KMeans,1e-09,7.0,True,0.04319492536678028,-5.2050884396786055,2.5208834983616057,66,0.9733847637415622,0.9975028669131655,0.16952872579035125,8,2008.5763,-4.488366075911388,0.005340116504004892,2.0636413750026996,0.006452108080412371,0.656370401016671,0.002926188650960318,-0.40985557870686307,0.0035355193890456637,0.0,0.0,0.0,0.0,0.0139911044,0.40256409159627626,0.323487712666549,14.865311977856294
13,3725.00000146,1460,413.8888890511111,952.516850011491,2026-04-16,KMeans,1e-09,7.0,True,0.04319492536678028,-5.2050884396786055,2.5208834983616057,66,0.9733847637415622,0.9975028669131655,0.16952872579035125,9,2008.5763,-5.580456767388836,0.00592708042853507,1.2905793178168998,0.006088051205410553,0.17636120563190494,0.00451315879331291,0.06460220992124044,0.00463572954056048,0.0,0.0,0.0,0.0,0.013113888300000001,0.4757947525631338,0.3817071943533263,-41.4515023216253
13,3725.00000146,1460,413.8888890511111,952.516850011491,2026-04-16,KMeans,1e-09,7.0,True,0.04319492536678028,-5.2050884396786055,2.5208834983616057,66,0.9733847637415622,0.9975028669131655,0.16952872579035125,10,2008.5763,-6.7375949203299985,0.004405709489408142,1.088477449423489,0.004834616991051737,0.06313467789327824,0.003259939165002396,0.13966292730914143,0.003577302887266144,0.0,0.0,0.0,0.0,0.0214453225,0.35885040084365644,0.30537044718110473,27.310308335894007
13,3725.00000146,1460,413.8888890511111,952.516850011491,2026-04-16,KMeans,1e-09,7.0,True,0.04319492536678028,-5.2050884396786055,2.5208834983616057,66,0.9733847637415622,0.9975028669131655,0.16952872579035125,11,2008.5763,-6.237062656400246,0.006008774073030991,2.785430902544589,0.005084290932370298,0.26029488706941123,0.004595881807068666,0.07844559609212849,0.0038887799597594084,0.0,0.0,0.0,0.0,0.0172262578,0.45725036916327083,0.3257377634039126,60.220615247955095
13,3725.00000146,1460,413.8888890511111,952.516850011491,2026-04-16,KMeans,1e-09,7.0,True,0.04319492536678028,-5.2050884396786055,2.5208834983616057,66,0.9733847637415622,0.9975028669131655,0.16952872579035125,12,2008.5763,-6.943729938099777,0.004640248174228096,1.8841479745339722,0.00396800344283354,-0.1002226748853584,0.003847842014430768,0.09364598849191598,0.00329039520893313,0.0,0.0,0.0,0.0,0.0380901471,0.3215306960540932,0.25543755804459434,66.67614700378836
14,3725.00000146,1460,413.8888890511111,952.516850011491,2026-04-16,KMeans,1e-09,7.0,True,0.03996887242271571,-5.300845274768271,2.5208834983616057,70,0.97473481195757,0.9979829259850084,0.19154717985448885,0,2008.5763,-8.673617379884035e-19,0.006599649783637647,-6.938893903907228e-18,0.011899500639063572,0.0,0.0,0.0,0.0,0.0,0.0,0.0,0.0,0.5277430479999999,0.12141207185573864,0.05107318556367468,6.244902500296462
14,3725.00000146,1460,413.8888890511111,952.516850011491,2026-04-16,KMeans,1e-09,7.0,True,0.03996887242271571,-5.300845274768271,2.5208834983616057,70,0.97473481195757,0.9979829259850084,0.19154717985448885,1,2008.5763,0.035482512794189,0.001015629813687913,0.22633410513391855,0.0012339711345373005,0.03624065804442403,0.0007646015502507315,0.026847568647210295,0.000928976512619189,0.0,0.0,0.0,0.0,0.22451244000000004,0.12084739750357897,0.07586054865504446,-1.584044025131334
14,3725.00000146,1460,413.8888890511111,952.516850011491,2026-04-16,KMeans,1e-09,7.0,True,0.03996887242271571,-5.300845274768271,2.5208834983616057,70,0.97473481195757,0.9979829259850084,0.19154717985448885,2,2008.5763,0.1755098471976612,0.0008497494595643301,0.8062169932263857,0.0012187791967545286,0.005846316457064514,0.0005963231328303886,0.002472338699590194,0.0008552947232350006,0.0,0.0,0.0,0.0,0.702556287,0.12083940330041516,0.06455036798366795,-1.2327594556323902
14,3725.00000146,1460,413.8888890511111,952.516850011491,2026-04-16,KMeans,1e-09,7.0,True,0.03996887242271571,-5.300845274768271,2.5208834983616057,70,0.97473481195757,0.9979829259850084,0.19154717985448885,3,2008.5763,-0.9574023100115427,0.002867920301657984,0.3329590024710931,0.003127147875008619,-0.0034365072855775574,0.0020365455103588323,0.03935488152161598,0.002220626201291299,0.0,0.0,0.0,0.0,0.0817309496,0.24808787478950164,0.17608640602917117,37.41788859966087
14,3725.00000146,1460,413.8888890511111,952.516850011491,2026-04-16,KMeans,1e-09,7.0,True,0.03996887242271571,-5.300845274768271,2.5208834983616057,70,0.97473481195757,0.9979829259850084,0.19154717985448885,4,2008.5763,0.01745619501726564,0.0019352078411238361,1.0491152249450033,0.0017532817198533052,0.0407448368495503,0.0013399377145548329,0.035158103508404946,0.0012139720864848807,0.0,0.0,0.0,0.0,0.28679731100000005,0.16807181041533786,0.12325818471156083,41.243498441753474
14,3725.00000146,1460,413.8888890511111,952.516850011491,2026-04-16,KMeans,1e-09,7.0,True,0.03996887242271571,-5.300845274768271,2.5208834983616057,70,0.97473481195757,0.9979829259850084,0.19154717985448885,5,2008.5763,-1.4362291704765509,0.0022648765529866325,0.40253437822302957,0.002490305498802439,-0.06715042919907115,0.001741160515684355,-0.13394614456322573,0.0019144626671986356,0.0,0.0,0.0,0.0,0.0855766031,0.194949549142695,0.15516217232722995,29.21852240181579
14,3725.00000146,1460,413.8888890511111,952.516850011491,2026-04-16,KMeans,1e-09,7.0,True,0.03996887242271571,-5.300845274768271,2.5208834983616057,70,0.97473481195757,0.9979829259850084,0.19154717985448885,6,2008.5763,-1.8140042450247715,0.0026791165441557097,0.85847013870148,0.002686427963482238,-0.0831538936476074,0.0020892886830033873,-0.10017495430724231,0.002094990437818396,0.0,0.0,0.0,0.0,0.07349990079999999,0.2297152611666166,0.11256622156131645,44.872581057226654
14,3725.00000146,1460,413.8888890511111,952.516850011491,2026-04-16,KMeans,1e-09,7.0,True,0.03996887242271571,-5.300845274768271,2.5208834983616057,70,0.97473481195757,0.9979829259850084,0.19154717985448885,7,2008.5763,-2.3484081721737198,0.0041188550794599085,1.3883653432030736,0.004898588064712355,-0.0362023297497028,0.0028525283625480203,-0.16056672474564782,0.003392535333596512,0.0,0.0,0.0,0.0,0.0470669903,0.3406965781916075,0.1960073143978179,35.015748210745215
14,3725.00000146,1460,413.8888890511111,952.516850011491,2026-04-16,KMeans,1e-09,7.0,True,0.03996887242271571,-5.300845274768271,2.5208834983616057,70,0.97473481195757,0.9979829259850084,0.19154717985448885,8,2008.5763,-3.3707162375452024,0.006350972269032511,0.9657244360334883,0.0070736008366600895,0.16564016104884452,0.0036847480418932595,0.10638145785760526,0.004104007343743034,0.0,0.0,0.0,0.0,0.016473261099999997,0.40306832742154686,0.3508487528876659,19.432691619338783
14,3725.00000146,1460,413.8888890511111,952.516850011491,2026-04-16,KMeans,1e-09,7.0,True,0.03996887242271571,-5.300845274768271,2.5208834983616057,70,0.97473481195757,0.9979829259850084,0.19154717985448885,9,2008.5763,-4.285779756817643,0.006480840799620122,2.6437543592341437,0.006242819041828579,0.7967026535081354,0.004284132964652473,-0.055879360913278574,0.0041267896676347405,0.0,0.0,0.0,0.0,0.010336501599999999,0.4718456034380941,0.4421919996380089,62.62085217511621
14,3725.00000146,1460,413.8888890511111,952.516850011491,2026-04-16,KMeans,1e-09,7.0,True,0.03996887242271571,-5.300845274768271,2.5208834983616057,70,0.97473481195757,0.9979829259850084,0.19154717985448885,10,2008.5763,-5.600984554479081,0.006274810278615087,1.3530430769007284,0.006082898270892466,0.14930592622233535,0.004780448436204255,0.03853627308379587,0.004634240755577947,0.0,0.0,0.0,0.0,0.0157632192,0.4699549532902453,0.4192189137533509,-52.921031452186014
14,3725.00000146,1460,413.8888890511111,952.516850011491,2026-04-16,KMeans,1e-09,7.0,True,0.03996887242271571,-5.300845274768271,2.5208834983616057,70,0.97473481195757,0.9979829259850084,0.19154717985448885,11,2008.5763,-6.142049308555879,0.00570444172657195,2.9037669245958457,0.004950029138989812,0.3212165929853718,0.004460005221445074,0.08801037732967207,0.0038701693985866963,0.0,0.0,0.0,0.0,0.016218314799999998,0.4184763495132387,0.32351201732575935,62.01051907045351
14,3725.00000146,1460,413.8888890511111,952.516850011491,2026-04-16,KMeans,1e-09,7.0,True,0.03996887242271571,-5.300845274768271,2.5208834983616057,70,0.97473481195757,0.9979829259850084,0.19154717985448885,12,2008.5763,-6.885697818072904,0.00433779758558194,1.2123192554240745,0.0048258670551987425,-0.043140994916526204,0.0032823378244866163,0.1437507458748176,0.003651651710045764,0.0,0.0,0.0,0.0,0.02322640527,0.3722742539708882,0.283181650477406,-33.27478234944735
14,3725.00000146,1460,413.8888890511111,952.516850011491,2026-04-16,KMeans,1e-09,7.0,True,0.03996887242271571,-5.300845274768271,2.5208834983616057,70,0.97473481195757,0.9979829259850084,0.19154717985448885,13,2008.5763,-6.800577098905132,0.005159816968595554,2.0549252495740573,0.003983979695293931,0.03344811643237968,0.004221294186116072,0.14985669039162844,0.003259330791713393,0.0,0.0,0.0,0.0,0.03467585,0.34124221623657075,0.2626941198318541,-85.76543119724325
15,3725.00000146,1460,413.8888890511111,952.516850011491,2026-04-16,KMeans,1e-09,7.0,True,0.038657996680726225,-5.356917083938498,2.5208834983616057,74,0.9733847637415622,0.9980008943210764,0.19726478426455493,0,2008.5763,9.236136612305939e-20,0.007631392484003099,-5.993197102570667e-19,0.009649222876887315,0.0,0.0,0.0,0.0,0.0,0.0,0.0,0.0,0.34291254099999996,0.12143482959628064,0.054168058394658054,6.450502273900298
15,3725.00000146,1460,413.8888890511111,952.516850011491,2026-04-16,KMeans,1e-09,7.0,True,0.038657996680726225,-5.356917083938498,2.5208834983616057,74,0.9733847637415622,0.9980008943210764,0.19726478426455493,1,2008.5763,0.01763971854248711,0.0008085170706140644,0.2067978506527878,0.001126964182696553,0.015904956354618995,0.000611349362975403,-0.025894790680234342,0.0008521388851621465,0.0,0.0,0.0,0.0,0.37834518270000006,0.12141543757918093,0.060491397978353956,6.55391094242745
15,3725.00000146,1460,413.8888890511111,952.516850011491,2026-04-16,KMeans,1e-09,7.0,True,0.038657996680726225,-5.356917083938498,2.5208834983616057,74,0.9733847637415622,0.9980008943210764,0.19726478426455493,2,2008.5763,0.18040661305573902,0.0008447212768791604,0.8457799418329656,0.0013815063509314846,0.005448737464650379,0.0006002819105778524,-0.008906868872219158,0.0009817359814546511,0.0,0.0,0.0,0.0,0.6780792880999998,0.12084236034134224,0.06331926874760901,-1.3109326986178473
15,3725.00000146,1460,413.8888890511111,952.516850011491,2026-04-16,KMeans,1e-09,7.0,True,0.038657996680726225,-5.356917083938498,2.5208834983616057,74,0.9733847637415622,0.9980008943210764,0.19726478426455493,3,2008.5763,-0.655335126766549,0.0022087770332006565,0.567103946792777,0.0021939147784104758,0.06916100111514735,0.0016829462890931707,0.03689173816452128,0.0016716222051450286,0.0,0.0,0.0,0.0,0.034429922099999996,0.19117184539642565,0.12018410127572664,45.0467387161142
15,3725.00000146,1460,413.8888890511111,952.516850011491,2026-04-16,KMeans,1e-09,7.0,True,0.038657996680726225,-5.356917083938498,2.5208834983616057,74,0.9733847637415622,0.9980008943210764,0.19726478426455493,4,2008.5763,0.031586097788635394,0.0017299733159443355,1.0967701965364367,0.0017871110177200558,0.046525340935558074,0.001152043177477416,0.025380529259391,0.0011900929548357018,0.0,0.0,0.0,0.0,0.28921612100000005,0.15528258424048239,0.12219993325659113,25.1457561144243
15,3725.00000146,1460,413.8888890511111,952.516850011491,2026-04-16,KMeans,1e-09,7.0,True,0.038657996680726225,-5.356917083938498,2.5208834983616057,74,0.9733847637415622,0.9980008943210764,0.19726478426455493,5,2008.5763,-1.0772370295457938,0.001804225526085712,0.21302712112503855,0.003663389425008108,-0.005785703798284478,0.0012007783766778083,0.09260327098175491,0.0024381202589697257,0.0,0.0,0.0,0.0,0.048827967599999994,0.24135738124648737,0.11809439162381817,-3.3100057531748064
15,3725.00000146,1460,413.8888890511111,952.516850011491,2026-04-16,KMeans,1e-09,7.0,True,0.038657996680726225,-5.356917083938498,2.5208834983616057,74,0.9733847637415622,0.9980008943210764,0.19726478426455493,6,2008.5763,-1.4346453003897515,0.0022362203059665344,0.45454670233760935,0.0022753808146506673,-0.09675567852921352,0.0017339675854855607,-0.11428839869237065,0.0017643326852515534,0.0,0.0,0.0,0.0,0.0936582441,0.19395407274099788,0.13541857239607688,40.31637106446357
15,3725.00000146,1460,413.8888890511111,952.516850011491,2026-04-16,KMeans,1e-09,7.0,True,0.038657996680726225,-5.356917083938498,2.5208834983616057,74,0.9733847637415622,0.9980008943210764,0.19726478426455493,7,2008.5763,-1.809099205517718,0.002692597430305571,0.8993179073042751,0.0026433726736179316,-0.08917025040168111,0.0021009464777186435,-0.09347020035557047,0.002062537995999296,0.0,0.0,0.0,0.0,0.07496040559999999,0.22175488461472057,0.13014643348380692,46.09307106839179
15,3725.00000146,1460,413.8888890511111,952.516850011491,2026-04-16,KMeans,1e-09,7.0,True,0.038657996680726225,-5.356917083938498,2.5208834983616057,74,0.9733847637415622,0.9980008943210764,0.19726478426455493,8,2008.5763,-2.236752554560674,0.004887581031556446,1.8445128341705384,0.005768008334195654,-0.07297592735754017,0.0038220205874237405,0.16456440829091223,0.004510502528631662,0.0,0.0,0.0,0.0,0.0164148452,0.44065144035055925,0.3186466051870681,-29.202139211602628
15,3725.00000146,1460,413.8888890511111,952.516850011491,2026-04-16,KMeans,1e-09,7.0,True,0.038657996680726225,-5.356917083938498,2.5208834983616057,74,0.9733847637415622,0.9980008943210764,0.19726478426455493,9,2008.5763,-2.8695704558982813,0.00517728766734084,1.0767923753245423,0.005055302344448787,0.22189480772187428,0.003437273001548401,0.011766137794926072,0.0033562852558592813,0.0,0.0,0.0,0.0,0.030446408,0.32109104790175325,0.24461587542305857,47.57557534735641
15,3725.00000146,1460,413.8888890511111,952.516850011491,2026-04-16,KMeans,1e-09,7.0,True,0.038657996680726225,-5.356917083938498,2.5208834983616057,74,0.9733847637415622,0.9980008943210764,0.19726478426455493,10,2008.5763,-4.550577520921075,0.006144154243099141,1.2933729300059316,0.006785991185954361,0.6969414551400452,0.0034105646403632087,-0.020134122716953584,0.0037668425421817473,0.0,0.0,0.0,0.0,0.012934949099999999,0.4120110052054921,0.3730013208148567,1.3358467117597854
15,3725.00000146,1460,413.8888890511111,952.516850011491,2026-04-16,KMeans,1e-09,7.0,True,0.038657996680726225,-5.356917083938498,2.5208834983616057,74,0.9733847637415622,0.9980008943210764,0.19726478426455493,11,2008.5763,-5.515916474411533,0.006292611930437486,2.926057002697668,0.00640135348535358,-0.09122430140350632,0.004517101905646807,0.02710234785198595,0.004595161174256485,0.0,0.0,0.0,0.0,0.011751229499999998,0.46470488256590026,0.45079116835487815,-27.84252552468635
15,3725.00000146,1460,413.8888890511111,952.516850011491,2026-04-16,KMeans,1e-09,7.0,True,0.038657996680726225,-5.356917083938498,2.5208834983616057,74,0.9733847637415622,0.9980008943210764,0.19726478426455493,12,2008.5763,-6.143927340433861,0.005536502996806141,1.200558967315733,0.005426988958476644,0.4055899615663528,0.004187640157848671,0.11063438758014005,0.00410480711594093,0.0,0.0,0.0,0.0,0.01663041725,0.41057002410837795,0.3618960929367533,49.57851378050397
15,3725.00000146,1460,413.8888890511111,952.516850011491,2026-04-16,KMeans,1e-09,7.0,True,0.038657996680726225,-5.356917083938498,2.5208834983616057,74,0.9733847637415622,0.9980008943210764,0.19726478426455493,13,2008.5763,-6.857318257450195,0.005254274582126377,1.6598891444949992,0.004209955349524697,-0.03198912975046889,0.0043776002841733235,-0.15144288960415045,0.003507525434077714,0.0,0.0,0.0,0.0,0.0366066958,0.355288051818387,0.26108316386410513,68.44082337806168
15,3725.00000146,1460,413.8888890511111,952.516850011491,2026-04-16,KMeans,1e-09,7.0,True,0.038657996680726225,-5.356917083938498,2.5208834983616057,74,0.9733847637415622,0.9980008943210764,0.19726478426455493,14,2008.5763,-6.751654659403068,0.005077706057304298,2.515814894028916,0.004395839966665269,-0.09597869425654496,0.0039030700395110804,-0.1633217176289699,0.0033789414114855673,0.0,0.0,0.0,0.0,0.0205795401,0.37387323414188456,0.3077451150410863,69.08027360841
16,3725.00000146,1460,413.8888890511111,952.516850011491,2026-04-16,KMeans,1e-09,7.0,True,0.03573942276819751,-5.426597120950568,2.5208834983616057,78,0.973191899710704,0.9975893156525284,0.20379192882130676,0,2008.5763,8.980174027374169e-20,0.007631392484003099,-1.0006690434300786e-18,0.009649222876887315,0.0,0.0,0.0,0.0,0.0,0.0,0.0,0.0,0.34291254099999996,0.12143482959627946,0.05416805839471033,6.450502273895722
16,3725.00000146,1460,413.8888890511111,952.516850011491,2026-04-16,KMeans,1e-09,7.0,True,0.03573942276819751,-5.426597120950568,2.5208834983616057,78,0.973191899710704,0.9975893156525284,0.20379192882130676,1,2008.5763,0.017385420840908137,0.0008014202818992588,0.20463958097052676,0.001084863656654052,0.015924201440288884,0.0006064105842305893,-0.02429208482150186,0.0008208836470709808,0.0,0.0,0.0,0.0,0.37819436570000003,0.12124264198338966,0.059128910298134545,5.487295670825432
16,3725.00000146,1460,413.8888890511111,952.516850011491,2026-04-16,KMeans,1e-09,7.0,True,0.03573942276819751,-5.426597120950568,2.5208834983616057,78,0.973191899710704,0.9975893156525284,0.20379192882130676,2,2008.5763,0.17837762632102902,0.0009431732998305859,0.774566303449275,0.0012951244565681905,0.01166847761595164,0.0005934547249680253,0.02026717623836233,0.0008149061559631675,0.0,0.0,0.0,0.0,0.41274040399999995,0.12087880553867685,0.06495659882147467,-2.1298916562550687
16,3725.00000146,1460,413.8888890511111,952.516850011491,2026-04-16,KMeans,1e-09,7.0,True,0.03573942276819751,-5.426597120950568,2.5208834983616057,78,0.973191899710704,0.9975893156525284,0.20379192882130676,3,2008.5763,0.1594017310947017,0.0008282376161601114,1.0014983681360463,0.0013159954531286452,-0.012098702291484595,0.0006066477709465796,0.0666987868754793,0.0009639090191503615,0.0,0.0,0.0,0.0,0.35848184730000004,0.12116601913177522,0.06588618756177488,5.167226564297437
16,3725.00000146,1460,413.8888890511111,952.516850011491,2026-04-16,KMeans,1e-09,7.0,True,0.03573942276819751,-5.426597120950568,2.5208834983616057,78,0.973191899710704,0.9975893156525284,0.20379192882130676,4,2008.5763,-0.1476664640112017,0.0022963911676160188,1.0110639425603167,0.0024891304989706625,-0.06637755582476948,0.0018585852278993462,-0.048410326424003586,0.002014578892716836,0.0,0.0,0.0,0.0,0.10460489040000001,0.1720646461623331,0.12728764388517325,20.516200258986203
16,3725.00000146,1460,413.8888890511111,952.516850011491,2026-04-16,KMeans,1e-09,7.0,True,0.03573942276819751,-5.426597120950568,2.5208834983616057,78,0.973191899710704,0.9975893156525284,0.20379192882130676,5,2008.5763,-0.9640545414197248,0.0027476047356838544,0.3738595882196777,0.003170554663208888,-0.011914433464354938,0.001977248714748603,0.029754459315526796,0.0022816146192547867,0.0,0.0,0.0,0.0,0.08445714899999998,0.24379059705607392,0.17730692416508007,31.25533206040157
16,3725.00000146,1460,413.8888890511111,952.516850011491,2026-04-16,KMeans,1e-09,7.0,True,0.03573942276819751,-5.426597120950568,2.5208834983616057,78,0.973191899710704,0.9975893156525284,0.20379192882130676,6,2008.5763,-1.4380254254043403,0.002198024469362109,0.45020521527319496,0.002496850660318629,-0.06975646168202182,0.0016840367001695518,-0.13422212120812477,0.001912985139805758,0.0,0.0,0.0,0.0,0.0854006011,0.19687413062446252,0.14877847593604185,28.776727765665242
16,3725.00000146,1460,413.8888890511111,952.516850011491,2026-04-16,KMeans,1e-09,7.0,True,0.03573942276819751,-5.426597120950568,2.5208834983616057,78,0.973191899710704,0.9975893156525284,0.20379192882130676,7,2008.5763,-1.806220348061803,0.002579532941843088,0.8953495417031146,0.0026505550513664542,-0.07951887436627886,0.0020052794616460066,-0.0948850012582442,0.002060490688159059,0.0,0.0,0.0,0.0,0.07299194699999999,0.22422162135868595,0.10874203878766708,43.74322607644012
16,3725.00000146,1460,413.8888890511111,952.516850011491,2026-04-16,KMeans,1e-09,7.0,True,0.03573942276819751,-5.426597120950568,2.5208834983616057,78,0.973191899710704,0.9975893156525284,0.20379192882130676,8,2008.5763,-2.471487485265182,0.0038216476264447477,1.2809266991462493,0.0036641908293279755,0.03627073786926409,0.0025890681513005926,-0.10562560851255873,0.0024823952137435308,0.0,0.0,0.0,0.0,0.0393639716,0.23134043240832425,0.18266053749444547,50.22209102887929
16,3725.00000146,1460,413.8888890511111,952.516850011491,2026-04-16,KMeans,1e-09,7.0,True,0.03573942276819751,-5.426597120950568,2.5208834983616057,78,0.973191899710704,0.9975893156525284,0.20379192882130676,9,2008.5763,-2.1366580278144953,0.004661739515090205,2.0111631760735813,0.005475188324577691,-0.13735783602917986,0.0033503968110594976,0.16711845047048568,0.003935023276876578,0.0,0.0,0.0,0.0,0.011454854,0.42410149754622034,0.28748812666071427,-32.24662040434174
16,3725.00000146,1460,413.8888890511111,952.516850011491,2026-04-16,KMeans,1e-09,7.0,True,0.03573942276819751,-5.426597120950568,2.5208834983616057,78,0.973191899710704,0.9975893156525284,0.20379192882130676,10,2008.5763,-3.387011361740175,0.005782204499470752,0.9898078949298388,0.00716367341631469,0.20046890643476864,0.003344533291076452,0.10175024979577633,0.004143600287650991,0.0,0.0,0.0,0.0,0.014523500799999998,0.40170243293427715,0.3180691713582482,11.514606391991208
16,3725.00000146,1460,413.8888890511111,952.516850011491,2026-04-16,KMeans,1e-09,7.0,True,0.03573942276819751,-5.426597120950568,2.5208834983616057,78,0.973191899710704,0.9975893156525284,0.20379192882130676,11,2008.5763,-4.846236273509047,0.005649687117548186,2.322946056053274,0.007080468675739942,0.37974633512202516,0.003986650158323083,-0.35082542861985916,0.0049962681082753825,0.0,0.0,0.0,0.0,0.0089411938,0.508626662702522,0.39491141716042055,13.190360145470095
16,3725.00000146,1460,413.8888890511111,952.516850011491,2026-04-16,KMeans,1e-09,7.0,True,0.03573942276819751,-5.426597120950568,2.5208834983616057,78,0.973191899710704,0.9975893156525284,0.20379192882130676,12,2008.5763,-5.7628986635545365,0.005643039369528461,1.3545797398245798,0.005593649251160381,-0.010656024029485322,0.0041631963706851224,0.05370321392517936,0.0041267584250900555,0.0,0.0,0.0,0.0,0.014667691,0.45729310672769463,0.3448410223244427,-45.91599286479328
16,3725.00000146,1460,413.8888890511111,952.516850011491,2026-04-16,KMeans,1e-09,7.0,True,0.03573942276819751,-5.426597120950568,2.5208834983616057,78,0.973191899710704,0.9975893156525284,0.20379192882130676,13,2008.5763,-6.190766619996917,0.005689294708646431,2.8955009770873024,0.005097842794046735,0.3305993969205401,0.004439488723654795,0.08163585751802292,0.0039779650656416405,0.0,0.0,0.0,0.0,0.015454284799999999,0.4276017981956942,0.3187262559751894,56.25040442759808
16,3725.00000146,1460,413.8888890511111,952.516850011491,2026-04-16,KMeans,1e-09,7.0,True,0.03573942276819751,-5.426597120950568,2.5208834983616057,78,0.973191899710704,0.9975893156525284,0.20379192882130676,14,2008.5763,-6.916663742979275,0.0038652924069982335,1.2404276433046815,0.004817357516277644,-0.07728811014312013,0.002964959550357966,0.1627781869643113,0.0036952625238690405,0.0,0.0,0.0,0.0,0.02120502757,0.36223266299525936,0.258967313001922,-23.97454239299637
16,3725.00000146,1460,413.8888890511111,952.516850011491,2026-04-16,KMeans,1e-09,7.0,True,0.03573942276819751,-5.426597120950568,2.5208834983616057,78,0.973191899710704,0.9975893156525284,0.20379192882130676,15,2008.5763,-6.821828213079843,0.0051781919880127215,2.081809689027184,0.003923370432805335,-0.005357048698483436,0.004301313537262214,0.17401272575232532,0.003258984292854774,0.0,0.0,0.0,0.0,0.036633215999999996,0.3326080109668697,0.2517231817096492,87.48424173059739
